<?xml version="1.0" encoding="UTF-8"?>
<project-private xmlns="http://www.netbeans.org/ns/project-private/1">
    <editor-bookmarks xmlns="http://www.netbeans.org/ns/editor-bookmarks/2" lastBookmarkId="0"/>
    <open-files xmlns="http://www.netbeans.org/ns/projectui-open-files/2">
        <group>
            <file>file:/D:/Programs/CODES/VSCODE/Endgame/java-swing-login-ui-001-main/part%204/login-001/login-001/src/com/raven/main/Main.java</file>
            <file>file:/D:/Programs/CODES/VSCODE/Endgame/java-swing-login-ui-001-main/part%204/login-001/login-001/src/com/raven/form/Form_2.java</file>
            <file>file:/D:/Programs/CODES/VSCODE/Endgame/java-swing-login-ui-001-main/part%204/login-001/login-001/src/com/raven/form/Form_Home.java</file>
            <file>file:/D:/Programs/CODES/VSCODE/Endgame/java-swing-login-ui-001-main/part%204/login-001/login-001/src/com/raven/swing/ListMenu.java</file>
            <file>file:/D:/Programs/CODES/VSCODE/Endgame/java-swing-login-ui-001-main/part%204/login-001/login-001/src/com/raven/form/Form_5.java</file>
            <file>file:/D:/Programs/CODES/VSCODE/Endgame/java-swing-login-ui-001-main/part%204/login-001/login-001/src/com/raven/main/MainSystem.java</file>
            <file>file:/D:/Programs/CODES/VSCODE/Endgame/java-swing-login-ui-001-main/part%204/login-001/login-001/src/com/raven/model/Model_Menu.java</file>
            <file>file:/D:/Programs/CODES/VSCODE/Endgame/java-swing-login-ui-001-main/part%204/login-001/login-001/src/com/raven/form/Form_3.java</file>
            <file>file:/D:/Programs/CODES/VSCODE/Endgame/java-swing-login-ui-001-main/part%204/login-001/login-001/src/com/raven/component/menu.java</file>
            <file>file:/D:/Programs/CODES/VSCODE/Endgame/java-swing-login-ui-001-main/part%204/login-001/login-001/src/com/raven/form/Form_4.java</file>
            <file>file:/D:/Programs/CODES/VSCODE/Endgame/java-swing-login-ui-001-main/part%204/login-001/login-001/src/com/raven/event/EventMenuSelected.java</file>
            <file>file:/D:/Programs/CODES/VSCODE/Endgame/java-swing-login-ui-001-main/part%204/login-001/login-001/src/com/raven/form/Form_1.java</file>
            <file>file:/D:/Programs/CODES/VSCODE/Endgame/java-swing-login-ui-001-main/part%204/login-001/login-001/src/com/raven/swing/MenuItem.java</file>
        </group>
    </open-files>
</project-private>
